{
  "benchmarks": {
    "scoring_latency": {
      "p50": 0.009124999999998717,
      "p95": 0.009416999999956044,
      "p99": 0.025207999999998787,
      "mean": 0.009343709999998784,
      "min": 0.008958000000003352,
      "max": 0.025207999999998787,
      "throughput_rps": 107023.86953363601,
      "n_requests": 100
    },
    "feature_computation": {
      "p50": 0.0013340000000194863,
      "p95": 0.0015420000000210266,
      "p99": 0.002457999999982974,
      "mean": 0.001384940000004331,
      "min": 0.001291000000014364,
      "max": 0.002457999999982974
    },
    "rules_engine": {
      "p50": 0.003207999999976785,
      "p95": 0.0036660000000132698,
      "p99": 0.004082999999988068,
      "mean": 0.0032366600000011125,
      "min": 0.0025840000000276753,
      "max": 0.009041999999959138
    },
    "model_inference": {
      "p50": 0.7245830000000009,
      "p95": 1.3787920000001286,
      "p99": 2.053957999999856,
      "mean": 0.8015045649999974,
      "min": 0.6221249999998069,
      "max": 2.479249999999933
    },
    "end_to_end": {
      "p50": 0.035167000000058124,
      "p95": 0.0831249999999617,
      "p99": 0.1361659999998821,
      "mean": 0.040548339999997296,
      "min": 0.03304100000001142,
      "max": 0.1361659999998821
    }
  },
  "slo": {
    "scoring_p99_50ms": "PASS",
    "model_inference_p99_10ms": "PASS",
    "rules_p99_5ms": "PASS",
    "end_to_end_p99_100ms": "PASS"
  }
}